Certificate Holder ID,Certificate ID,Crop,Estimated harvested volume
CHE4239D,LI001DEE,Coffee,1058865
CH142BF2,LI002B6D,Coffee,303600
CH890328,LI005067,Coffee,846322.4
CH698EFE,LI00A06B,Coffee,702504
CH509C15,LI00E549,Coffee,2246951.1999999997
CHF43B8B,LI00FA3C,Coffee,3673228.8000000003
CH5C6762,LI0104FE,Coffee,577905.6
CHC786E2,LI019FC9,Cocoa,409000
CH6EF2C8,LI01E1F2,Coffee,2560000
CHF0B46C,LI0217B3,Coffee,1200000
CH67BCB5,LI0257FE,Coffee,348000
CH2E1DBE,LI025BCE,Coffee,227743.99999999997
CHB5B503,LI027F18,Coffee,2400000
CH2857C8,LI02BE3B,Coffee,276980
CH60C2BE,LI02CCAE,Coffee,3452040
CH7B989D,LI02D5F2,Coffee,960000
CH611D28,LI02EE87,Coffee,4153037.0000000005
CH62D804,LI031DB9,Coffee,197998
CHCD49FC,LI0345B8,Coffee,432000
CH6AEDF2,LI03728E,Coffee,27000
CH1F8F4F,LI0399EF,Cocoa,253665
CH1F8F4F,LI0399EF,Coffee,1156988
CHE27973,LI03D283,Coffee,168000
CHB5B503,LI0493A0,Coffee,1080000
CHA1BC36,LI05254B,Coffee,4031214.4
CH8CC71D,LI06297B,Coffee,689148.8
CHB82F0C,LI0687F9,Coffee,1987200.0000000002
CHB9D47C,LI068AB0,Coffee,6515659.2
CH7C7D02,LI071A93,Coffee,606417.6000000001
CHF2006D,LI073C37,Coffee,1222980
CH3EBFC7,LI078DBC,Coffee,1554000.0000000002
CH9547A6,LI07ADF3,Coffee,1093282.4
CH9DF0C8,LI07AEE0,Coffee,636000
CHE71B60,LI07D29C,Coffee,251700.00000000003
CH43A1B7,LI083587,Coffee,45000
CHC2F5E4,LI089FB3,Coffee,704940
CH01E782,LI08B89B,Coffee,215568
CH783EFE,LI08BEEF,Coffee,212092
CH11CAE3,LI08C713,Coffee,1623059.9999999998
CHC786E2,LI08CF4D,Cocoa,297000
CHCC4916,LI08DDC1,Coffee,375930
CHAC726B,LI08E78C,Coffee,832352
CHF41278,LI08E96A,Coffee,219770
CH5E1AD2,LI08EB70,Coffee,1770000.0000000002
CH7EFB7E,LI090742,Coffee,680408
CHF84FA9,LI094D97,Coffee,108000
CH6D24D3,LI0970DF,Coffee,100199.99999999999
CH608E2F,LI09CAB2,Coffee,245042.4
CH511289,LI09D52B,Coffee,323687.2
CH0EF35D,LI0AC45B,Coffee,480000
CH4586D9,LI0B0A37,Coffee,1200240
CH59BE36,LI0B2436,Coffee,1528017.6
CHBDC29E,LI0B3691,Coffee,80400
CHAFF436,LI0B914A,Coffee,1140000
CHABF308,LI0BCEC1,Coffee,11355861
CHA5D2AB,LI0BD4DF,Coffee,0.8
CH9EAB22,LI0BF372,Coffee,854188
CHBFA9A6,LI0C0A31,Coffee,1562572
CHD0528D,LI0C5877,Coffee,1484305
CH3D0609,LI0C6E66,Coffee,90000
CHC84164,LI0CCC0B,Cocoa,86000
CH4451D5,LI0D064C,Coffee,2153879
CHB73144,LI0D69D0,Coffee,3904010.4
CH60E7C8,LI0D94F0,Coffee,1254000
CH85B1B2,LI0DE170,Coffee,374280
CHC1CED5,LI0E0FBC,Coffee,216000
CHCB9EB4,LI0E1CCB,Coffee,468000
CH2622D3,LI0EA0C6,Coffee,1371402
CH185051,LI0EFF0C,Coffee,1164559.2
CHD7530F,LI0F7AFC,Coffee,316080
CH6EFC4D,LI0FCBEA,Coffee,396000.00000000006
CHAD27E6,LI106501,Coffee,131693.6
CH0AF787,LI11108A,Coffee,110000
CH063180,LI127D1D,Coffee,5982480
CH39F78B,LI129578,Coffee,4249255.2
CHA1C089,LI12B24F,Coffee,3000000
CHB53EF9,LI12D348,Coffee,2000000
CH80CB4A,LI12E28B,Coffee,480480
CHAB2EA3,LI12E5B2,Coffee,310592
CHF96F06,LI12E768,Coffee,2191800
CHB2C2DB,LI130B02,Coffee,187800
CH8387CF,LI130F69,Tea,16972.780000000002
CH11741E,LI142FFF,Coffee,180000
CH9CA6D8,LI148301,Cocoa,3238998.9999999995
CH20275C,LI14C1AD,Coffee,360000
CH6042E3,LI1551E6,Coffee,661770
CH9CD13F,LI1613F5,Coffee,4113347.2
CH061900,LI16F84C,Coffee,2619297.6
CH7B8362,LI17256A,Coffee,15494856
CHC987B0,LI182604,Coffee,943200
CH6C6389,LI188291,Coffee,594407.2000000001
CH79AD98,LI18E781,Coffee,1035520
CHBBD739,LI192DE9,Coffee,1543640
CHFD8D8E,LI192ED8,Coffee,1373290
CH9A3274,LI19BD1A,Coffee,286860
CHC86E39,LI19C88D,Coffee,66000
CHAE4076,LI1A4B2A,Coffee,36000
CHBF3C95,LI1ADE24,Coffee,390000
CH25D77B,LI1B1821,Coffee,1304512
CH7F4A90,LI1B6760,Coffee,144550.4
CH626C01,LI1B6A91,Coffee,181109
CH0DE6E9,LI1BAF5B,Coffee,330096
CHFF0911,LI1BFF13,Coffee,2421600
CH753EB8,LI1C438C,Coffee,321208
CH7EA214,LI1CBA07,Coffee,563640
CH29EBDF,LI1D76B1,Coffee,7267124.800000001
CHCD49FC,LI1DDA86,Coffee,339840
CH5DEF5A,LI1E6A55,Coffee,747297
CHF4C8C6,LI1E75C2,Cocoa,722250
CH8CDA4F,LI1E99D6,Coffee,1500000
CHE378AD,LI1EB84A,Coffee,530400
CHB31E26,LI1ED4D0,Coffee,507302.4
CHA80F84,LI1ED66A,Coffee,9716422
CHF4629C,LI1EEB57,Coffee,834991.2000000001
CH00D84C,LI1F30AF,Coffee,4021680
CHDBC454,LI1F34B8,Coffee,603684.8
CHB2467A,LI1F77ED,Coffee,3787668.8
CH314130,LI1FBA2C,Coffee,389832.8
CH7EFB7E,LI206EC6,Coffee,870157.6000000001
CH5FD98A,LI20A395,Coffee,478592.99999999994
CH02B3FE,LI20DFDE,Coffee,501600
CH212CE0,LI211CB1,Coffee,877050
CHF07508,LI2150CC,Coffee,1399860
CH9C7882,LI216AB8,Coffee,1943941
CHEFAE37,LI217EB7,Coffee,312100
CH68C12E,LI21AC7C,Coffee,371568
CH354EC2,LI2234A1,Coffee,124297.59999999999
CH224733,LI22525B,Coffee,630000
CHF379F8,LI226528,Coffee,335760
CH5DEF5A,LI229886,Coffee,737861
CHF67C0C,LI22F551,Coffee,2015729
CH3EAB64,LI24DEE0,Coffee,403200
CH5CF83A,LI256256,Coffee,9926235
CH3DE73B,LI256F49,Coffee,373740
CH740DC3,LI25E66E,Coffee,308220
CHF5BC51,LI25F14C,Coffee,135650
CH77C960,LI26862B,Coffee,676544
CH1C87DD,LI27084F,Coffee,1222900.8
CH7F9203,LI275611,Coffee,93876
CHA60D4F,LI279797,Coffee,10823136
CH2B9025,LI27AA3C,Coffee,755122.4
CHEB3AAD,LI27F0F9,Coffee,1773162
CH8A439E,LI288085,Coffee,136380
CH60134D,LI288169,Coffee,6140449
CH69A03E,LI2893CE,Coffee,409679.99999999994
CHDFEDA2,LI2893D4,Coffee,3683212
CHEBF2A8,LI28AAA4,Coffee,29637528.999999996
CHE4239D,LI28FBD8,Coffee,740984
CHCB5732,LI290B75,Coffee,291918.4
CH772AAF,LI296D24,Coffee,430300
CHB15DA6,LI298816,Coffee,1346624
CH1BEA31,LI298A2E,Coffee,6853736.8
CH4AF601,LI29AD58,Coffee,1
CHED6FED,LI29EA4E,Coffee,293580
CH709B64,LI29F516,Coffee,2005329.6
CH4C2BF1,LI2A3B3E,Coffee,120000
CHE3F0B6,LI2A5DC3,Coffee,1015742.9999999999
CHD1A4EB,LI2A616D,Coffee,260520.00000000003
CH2777E3,LI2B02E6,Coffee,7747643.199999999
CH788EFC,LI2B3055,Coffee,1495320
CHA299AB,LI2B76A9,Coffee,210000
CH4A462E,LI2B77AE,Coffee,311580
CHEB3AAD,LI2C3085,Coffee,2257219
CH7EB3AE,LI2C9FF9,Coffee,540000
CHAA64A8,LI2CC31B,Coffee,458358.99999999994
CHF0B46C,LI2CEE5D,Coffee,607500
CHB363C5,LI2E4823,Coffee,2301215.2
CH978949,LI2E8484,Coffee,2677335.1999999997
CH3E2C08,LI2ECBCE,Coffee,832151.2000000001
CH9EE421,LI2F42B3,Coffee,256740
CHFC3A19,LI2FA6F5,Coffee,997797
CH0F2A3F,LI3014E5,Coffee,211359.99999999997
CH7B33B7,LI301C4D,Coffee,421220
CHAB387D,LI305F73,Coffee,2638898
CHC28915,LI30E5EE,Coffee,186732
CHEEC48D,LI3160AA,Coffee,1189749
CH0DDFBA,LI318276,Coffee,630120
CHD14B34,LI318FE3,Coffee,95941.59999999999
CH054FCE,LI31AE55,Coffee,853410
CHE1494A,LI32101B,Coffee,72000
CH5FD585,LI3211E2,Coffee,4051547.2
CHD7563E,LI328FA0,Coffee,119633
CH670936,LI32906D,Coffee,233759.99999999997
CHF88C5A,LI32A97B,Coffee,103740
CHAF1DCA,LI32F9E4,Coffee,4630191
CH7D151F,LI332E04,Coffee,282035
CH64E700,LI33580B,Coffee,773961.6000000001
CHF1B73B,LI33A2B8,Coffee,150000
CHD1A4EB,LI33BDA3,Coffee,480000
CH8BB086,LI340B20,Coffee,2100000
CH7D566E,LI34579D,Coffee,3281640.0000000005
CH10CE8D,LI34C3E7,Coffee,563553
CH5E90B7,LI352380,Coffee,1198920
CH4FECCF,LI358A7C,Coffee,469802
CHD7DABF,LI35CC14,Coffee,1375500
CHC4C6BB,LI363CF6,Coffee,92700
CHE192FC,LI369E04,Coffee,300000
CH78E2C1,LI36C041,Coffee,7662913
CHE95676,LI373DD1,Coffee,122400.00000000001
CHD7563E,LI3787BA,Coffee,211380
CHBDC29E,LI37AC18,Coffee,157340
CH90FED7,LI37DA0E,Coffee,2626409
CHB254EE,LI37FA4C,Coffee,162280
CH23BF4D,LI38C384,Coffee,974661.6
CHB363C5,LI397B73,Coffee,1516220
CHFF2513,LI3989DC,Coffee,150000
CH4CDD69,LI39B668,Coffee,4855633
CHC4C6BB,LI39B8DB,Coffee,291780
CH71CBCF,LI39CB4D,Coffee,3323360.8
CH001623,LI39CBD9,Coffee,1250892
CH14F311,LI39E50F,Coffee,6933834
CHA5B2DB,LI39EBA2,Coffee,1229810.4000000001
CH054FCE,LI3A1055,Coffee,739799
CH87C7F7,LI3A1E2A,Coffee,1811700
CHE3A4B8,LI3A1E40,Coffee,510000.00000000006
CHD63507,LI3A5640,Coffee,913638.4
CH68BF76,LI3A7E70,Coffee,636411.2000000001
CH3A1AE2,LI3ADA15,Cocoa,3203200
CHCA388D,LI3B3B3B,Coffee,438315.2
CH43676B,LI3B5AF6,Coffee,518696
CHD1CDF1,LI3BA67C,Coffee,529266
CH219F2A,LI3BE9DF,Coffee,540000
CH7AE626,LI3BF983,Coffee,1002600
CH250291,LI3C1D21,Coffee,838325.6
CH23883F,LI3C3135,Coffee,40948.799999999996
CHF4B075,LI3C3D09,Coffee,4292429
CHA2CE81,LI3C5365,Coffee,152248
CH44DDC3,LI3C5A4A,Coffee,238200.00000000003
CHA773F2,LI3C6B5B,Coffee,2903533.5999999996
CHE61C6E,LI3CEA3E,Coffee,2160000
CH97931B,LI3D00AD,Coffee,364120.8
CH329A8E,LI3D45E1,Coffee,450908.79999999993
CH1D1587,LI3D711B,Coffee,10183909.8
CH430543,LI3DC5C6,Coffee,1932956.8
CHFADDDB,LI3DE9C2,Coffee,2506186
CH658468,LI3EB1FA,Coffee,148062
CH29EBDF,LI3EC107,Coffee,0.8
CH07232D,LI3EDE6C,Coffee,174822.40000000002
CHD14B34,LI3F38BA,Coffee,205769.6
CHADC2F6,LI3F3E0D,Coffee,125730
CH7C9FCB,LI3F6D2F,Coffee,990000
CH829627,LI3F6DE9,Coffee,433404.80000000005
CH4AF7C4,LI3F7913,Cocoa,154050
CH25C918,LI3FBD13,Coffee,222000
CH233C4A,LI3FC832,Coffee,387180
CHFC8F20,LI3FD494,Coffee,250800
CHFA4BAE,LI400A88,Coffee,4680000
CHB05DB8,LI404D35,Coffee,1188462
CH439A75,LI405C14,Coffee,6359004
CHFDDC04,LI409641,Coffee,1035379.2
CHD82D49,LI40C44D,Coffee,638968
CHB4A76B,LI40C8E5,Coffee,1004718.0000000001
CH244AF5,LI410E0D,Coffee,348400
CH85580B,LI411827,Coffee,184860
CHB2467A,LI4127AB,Coffee,3334368
CH461FED,LI41B82A,Coffee,312000
CH3B701B,LI41B8CB,Coffee,2536889.6
CH7EFB7E,LI41BC9E,Coffee,513289.6
CHE0C5F2,LI41CC5F,Coffee,575928
CH8AE894,LI4204C2,Coffee,841177
CH4D6AAA,LI425487,Coffee,1350822
CHCC558A,LI42C601,Coffee,1034270.4
CH004BB5,LI42F47A,Coffee,1034720.0000000001
CHD7F5EB,LI42F73C,Coffee,2482741
CH9EE516,LI42F7C7,Coffee,788999.9999999999
CH8E9CFC,LI4305C1,Coffee,1210825
CH6BF8F7,LI433874,Coffee,175488
CH86939B,LI439374,Coffee,1856143.2
CHFEA0B7,LI43A170,Coffee,1173972.8
CHDB5624,LI43BE9C,Coffee,722720.8
CH95BECA,LI43F51D,Coffee,192000
CH36D856,LI4429E3,Coffee,4734534
CHD7F5EB,LI444C8B,Coffee,1326444
CHE040AA,LI4487F6,Coffee,7574707.2
CH39D353,LI44F236,Coffee,121686
CHE5F8C7,LI450222,Coffee,181427.19999999998
CH43E43B,LI453104,Coffee,34860
CHB42F63,LI458559,Coffee,117180.00000000001
CH3DE73B,LI4592E9,Coffee,952350.0000000001
CH23BF4D,LI45E304,Coffee,554285.6
CHBCDAF9,LI45F8AF,Coffee,1024776.0000000001
CH659176,LI45F8E4,Coffee,72120
CHDCD599,LI463266,Coffee,51420.00000000001
CH16F05F,LI46D292,Coffee,536725
CH7C9FCB,LI475A91,Coffee,810000
CHEEB37D,LI47C631,Coffee,148440
CH8956DB,LI486DA6,Coffee,183513
CHF2A3C5,LI4892A7,Coffee,9952561.6
CH5F3FDF,LI489F2E,Coffee,1583871.9999999998
CHB4E76C,LI4918CF,Coffee,932835.2
CH5FD98A,LI491B11,Coffee,374220
CHCF9285,LI492715,Coffee,2046700
CHB82F0C,LI4950BE,Coffee,2291520
CH8F9931,LI496891,Coffee,121212.8
CH1C56D9,LI49C48E,Coffee,416700
CHCED59A,LI49D8FB,Coffee,90000
CH15893D,LI4A7D39,Coffee,106500
CH2857C8,LI4ABC2B,Coffee,465842
CH772AAF,LI4AC166,Coffee,355600
CH43676B,LI4ADDC3,Coffee,739910
CH737DF4,LI4AE2C7,Coffee,96000
CHA773F2,LI4AEACC,Coffee,807589.6
CHEC7BBA,LI4B0253,Coffee,331018
CHAA64A8,LI4B25C0,Coffee,576335
CH4A80D1,LI4B5FC4,Coffee,265676
CH1AC852,LI4B92D3,Coffee,166800
CH5F3FDF,LI4BBF4B,Coffee,1378086.4
CHD1ECA9,LI4C2AF6,Coffee,120000
CH71CBCF,LI4C354A,Coffee,1144025.6
CHFA8A4B,LI4CA985,Coffee,1076665.5999999999
CH5FEAD7,LI4D0A42,Coffee,2622835.1999999997
CHA299AB,LI4D2820,Coffee,210000
CHFFE9B1,LI4E4CE2,Coffee,185580
CHA076E7,LI4E7FAC,Coffee,492640
CHD7DABF,LI4E9E90,Coffee,1661920
CHBCA294,LI4ECF78,Coffee,5828546.399999999
CHCE0BD1,LI4EFD1A,Coffee,2669562
CH99E8FF,LI4F08D8,Coffee,297000
CH88CB34,LI4F1DFA,Coffee,570000
CH7914FF,LI4F3421,Coffee,106301
CHA47A0B,LI4F54E3,Coffee,3000000
CH439A75,LI4F81F5,Coffee,7226507.000000001
CH99CD90,LI4F8314,Coffee,2448120
CH7B989D,LI4FBB84,Coffee,900000.0000000001
CHD7489A,LI500E29,Coffee,1686302.9999999998
CH74D349,LI506591,Coffee,415529.99999999994
CH36D856,LI5066ED,Coffee,3824589
CHD4010B,LI508EFB,Coffee,133320
CH7BAF14,LI509D4C,Coffee,1612796
CH0B3193,LI50E79A,Coffee,169471.2
CH39F78B,LI51036C,Coffee,4808702.4
CH698EFE,LI514B34,Coffee,635877.6000000001
CHDF9619,LI517D69,Coffee,1500000
CHCF9285,LI525D42,Coffee,1920664
CHB7300B,LI52791B,Coffee,337566
CH6C84CB,LI52A9A1,Coffee,5523420
CHD16F77,LI52D24D,Coffee,1165035.2
CHF77DA8,LI52E4A0,Coffee,280600
CH858C74,LI5327B5,Coffee,120000
CH5BF718,LI533657,Coffee,870847
CH21C665,LI533E0A,Coffee,88030
CH6385D1,LI535FC5,Coffee,892199
CH65BF72,LI53B71C,Coffee,34860
CHEADB4A,LI53EDA9,Coffee,1700850
CH4FECCF,LI540C36,Coffee,234780
CHE378AD,LI545C1C,Coffee,1061289.6
CH03455E,LI5497A5,Coffee,1755420
CH1C7E69,LI55134F,Coffee,996000
CH07232D,LI5516E1,Coffee,210576.99999999997
CH6AF941,LI556DD7,Coffee,360000
CHF30CB5,LI558D57,Coffee,1326006
CH5FEAD7,LI55F3EC,Coffee,2392096
CHA5B158,LI560EFD,Coffee,266220
CH8CC71D,LI57036F,Coffee,653574.4
CH329A8E,LI570B3C,Coffee,433173.6
CH01E328,LI57C9EF,Coffee,3855547
CH806733,LI57D1F2,Coffee,584298
CH343BBE,LI57D581,Coffee,300780
CH99CD90,LI57F83F,Coffee,5885930
CHB664A9,LI57FCED,Coffee,3556743.2
CHFF5BD7,LI5842FD,Coffee,485266.4
CH4A615C,LI58787F,Coffee,1355670.4000000001
CH3E2E8D,LI58AD2A,Coffee,1380820
CH9C7882,LI58D781,Coffee,2177213
CH1D1587,LI59228E,Coffee,9042657
CHED6FED,LI595B02,Coffee,332820
CH233C4A,LI598D1E,Coffee,885090
CH7F4A90,LI599B00,Coffee,125385.59999999999
CH3B701B,LI59BD18,Coffee,1121476
CHE0C5F2,LI59E4E8,Coffee,703920
CH001623,LI5A0564,Coffee,852360
CHCC4916,LI5A7D08,Coffee,278280
CH0EF35D,LI5AEB8F,Coffee,780324.9999999999
CHC26023,LI5B55DC,Coffee,300000
CHB485A0,LI5B722D,Coffee,310311
CHA1AE71,LI5B785D,Coffee,390000
CHA6C6C2,LI5B8221,Coffee,374170
CH36D856,LI5B9ACC,Coffee,4236249
CH744C6A,LI5B9B5A,Coffee,509940
CH3D0609,LI5BE585,Coffee,120000
CHC1DD3A,LI5C166C,Coffee,420000
CH95BC20,LI5C28E5,Coffee,8344447.000000001
CH498D4B,LI5C4288,Coffee,2100000
CHD0528D,LI5C47B9,Coffee,1298580
CH29E135,LI5C4CE7,Coffee,669429
CH23883F,LI5C6269,Coffee,44000
CHD8744D,LI5C8D5D,Coffee,1121494
CH92E315,LI5CAB87,Coffee,176640
CH614FED,LI5CB813,Coffee,2069212
CHEFF1B0,LI5D0247,Coffee,1076286
CHA2CE81,LI5D928C,Coffee,110481
CH4AA100,LI5DAD26,Coffee,1191600
CH7CF0BE,LI5E6609,Coffee,2709600
CHB357B9,LI5E8E88,Coffee,5688728
CH608E2F,LI5EAFED,Coffee,312868.8
CH448A5D,LI5EB2B5,Coffee,18436195
CH95BC20,LI5F9ABD,Coffee,7342714.4
CH3EAB64,LI5F9BBC,Coffee,839742
CH848B33,LI5F9C20,Coffee,500000
CH000371,LI5FD7A1,Coffee,1126752
CH511289,LI6030F8,Coffee,309812
CH91892B,LI60A158,Coffee,96350
CH09221F,LI60C7FC,Coffee,1298308.8
CH68DB49,LI60D3EF,Coffee,241500.00000000003
CHEB3AAD,LI612EFE,Coffee,2238234
CH611D28,LI6130FA,Coffee,4813900
CHBA51F0,LI618CBC,Coffee,300000
CH8F9931,LI619DD2,Coffee,99198.4
CHE79A65,LI61E46D,Coffee,1455018
CH80CB4A,LI61E977,Coffee,330495
CH5C3AA0,LI620092,Coffee,833141
CH5C3AA0,LI62216C,Coffee,622321
CH648417,LI6236CC,Coffee,4760279
CHF4B075,LI623C0F,Coffee,5384412
CH81A06B,LI624B07,Coffee,660000
CH2D0720,LI626951,Coffee,480000
CHE4BDAF,LI629DF2,Coffee,8794.4
CHB22CCB,LI62C4DE,Coffee,548183.2
CH463D48,LI62E4A9,Coffee,540002
CHC4ED7A,LI633724,Coffee,972360
CH7BAF14,LI635728,Coffee,977882.4
CH92116F,LI635D2E,Coffee,18176924
CHE85222,LI639AEF,Coffee,5221980
CHBBAD7C,LI63C6D6,Coffee,1512240.8
CH86939B,LI6445E8,Coffee,2336639.2
CHF88C5A,LI645064,Coffee,202572
CH9AC136,LI6463B9,Coffee,720000
CH4BFC9A,LI648693,Cocoa,891750
CH6AB9C5,LI65067F,Coffee,4173721.5999999996
CH6AEE10,LI655468,Coffee,212156.80000000002
CH4D0207,LI655B29,Coffee,2271360
CH47DC50,LI65CD80,Coffee,9896523.2
CHE3F0B6,LI660238,Coffee,1597345.9999999998
CHE61C6E,LI660989,Coffee,3630000
CH509C15,LI662836,Coffee,367720.8
CH252474,LI666A53,Coffee,110052
CH26E0C5,LI6683E1,Coffee,1350000
CH5DBB3E,LI6690E6,Coffee,510096
CHB05DB8,LI66D438,Coffee,689810
CH1C56D9,LI66F387,Coffee,231120
CH9BBF53,LI6726B1,Coffee,361392
CH4451D5,LI674F66,Coffee,875528
CH46B271,LI676653,Coffee,3839640
CHA25023,LI6864DE,Coffee,330000
CHFE34BE,LI68D73F,Coffee,268860
CH9BBF53,LI68E0C9,Coffee,779760.0000000001
CH14DAFB,LI68EA8B,Coffee,420573.6
CH4018D0,LI68F642,Coffee,420000
CH4443BF,LI6913AF,Cocoa,743000
CH8C9491,LI693B44,Coffee,165660
CHFD2417,LI69B1A9,Coffee,120000
CH22C6A7,LI69D7DB,Coffee,105000
CH1298FE,LI6A22D8,Coffee,1788363.2000000002
CHBBAD7C,LI6AEB46,Coffee,1544576
CH24150B,LI6B292E,Coffee,90000
CH383776,LI6B2C59,Coffee,114960.00000000001
CHCCCD12,LI6B2CF8,Coffee,653220
CHF81250,LI6B52AA,Coffee,4800000
CHF8C4E7,LI6B9E79,Coffee,892800
CH6BE80A,LI6BB8CD,Coffee,222000
CHFF5BD7,LI6BFE87,Coffee,389296.00000000006
CH85E8FE,LI6C4BCF,Coffee,1054635
CH606C95,LI6C7E5E,Coffee,7694028.000000001
CHFB1D15,LI6CE102,Coffee,84359
CH5731D2,LI6D234A,Coffee,143358
CHFD4978,LI6D9B93,Coffee,1034400.0000000001
CH3A1AE2,LI6DB99D,Cocoa,1047000.0000000001
CHFA36D3,LI6DBC3B,Coffee,134805.6
CH2E1DBE,LI6E3822,Coffee,347849
CH635F9B,LI6EC6DF,Coffee,2925286.4
CHEAB8E4,LI7019B9,Coffee,456000.00000000006
CHBA6BF6,LI7059FD,Coffee,36364
CH185051,LI705FDC,Coffee,1073436.8
CH90A01C,LI70881E,Coffee,168000
CH2B9025,LI708933,Coffee,574844
CHE29890,LI709C34,Coffee,60420
CHEBF2A8,LI70B1A9,Coffee,8688432
CH608E2F,LI711A36,Coffee,850196.8
CH1A7C08,LI712C8F,Coffee,1259100
CHBC4720,LI7131A2,Coffee,564420
CH3224F5,LI7195D7,Coffee,104476
CH5F11C7,LI71A960,Coffee,1093140
CH252474,LI72DC89,Coffee,228000.00000000003
CHB53EF9,LI72F2C1,Coffee,2714718
CHAE1A63,LI736B8B,Coffee,461699.99999999994
CHDAE225,LI737C98,Coffee,3230899.2
CH6BE80A,LI737CD1,Coffee,210000
CH8A1B2A,LI738520,Coffee,213762
CH142BF2,LI744FBF,Coffee,209210.00000000003
CH8F9931,LI74586A,Coffee,112870.4
CHC0296D,LI7466C1,Coffee,829369
CH8F9097,LI74773F,Coffee,2887.2000000000003
CHFF0911,LI7494C8,Coffee,1980219.9999999998
CHB664A9,LI74F5DB,Coffee,4441659.2
CH9CD13F,LI7576B2,Coffee,4406150.4
CH1FEDFB,LI758484,Coffee,480000
CHA05161,LI759C77,Coffee,426000
CH6C6389,LI75B758,Coffee,622962.4
CHB9FEE5,LI75C4E2,Coffee,3955559.9999999995
CH5BCE1D,LI75DB42,Coffee,13276683.200000001
CHB4E76C,LI75DC84,Coffee,995623.9999999999
CH9C0362,LI75DD30,Coffee,274500
CH10425B,LI7602AE,Coffee,360000
CH14DAFB,LI763C04,Coffee,487892
CH60E7C8,LI766AF8,Coffee,834300
CHC561AD,LI76B59B,Coffee,9627745
CH45AB63,LI7721A7,Coffee,1242292
CH87448E,LI772879,Coffee,686255.2000000001
CH15797F,LI7730D9,Coffee,396000.00000000006
CH212CE0,LI77615F,Coffee,331017
CH5F3FDF,LI7791FE,Coffee,2047625.5999999999
CH6960C8,LI781EC3,Coffee,1320000
CH11C0EC,LI7857EE,Coffee,1548595.2
CHC28915,LI788DFB,Coffee,180000
CH219F2A,LI78CD03,Coffee,150000
CH511289,LI790B36,Coffee,354589.6
CHFADDDB,LI793869,Coffee,2529360
CHE79A65,LI797115,Coffee,1425816
CHE45E27,LI79CC70,Coffee,1896000
CH61F7C7,LI79E026,Coffee,2189193.6
CH439A75,LI79EC67,Coffee,7226507.000000001
CH92E315,LI7A054C,Coffee,230230.40000000002
CHDFE2EB,LI7A135D,Coffee,106854
CH369DB4,LI7A4172,Cocoa,61334
CH46B271,LI7A4E48,Coffee,2013360
CH87C7F7,LI7A85D5,Coffee,1981980.0000000002
CH8A1B2A,LI7A9028,Coffee,436586
CH1298FE,LI7B4229,Coffee,1360492.8
CH1EF10D,LI7BC472,Coffee,1200000
CHE86D7E,LI7C070D,Coffee,8098119.999999999
CH99E483,LI7CBCF9,Coffee,257999.99999999997
CH5BCE1D,LI7CDE71,Coffee,11404072
CH5A17B9,LI7D0E1B,Coffee,8248930.399999999
CHA22CDF,LI7D223A,Coffee,1084510
CH0ADE44,LI7D8901,Coffee,180000
CHCF9285,LI7DB34D,Coffee,1957752.8
CHB9D47C,LI7E328E,Coffee,7789224
CH95C522,LI7EC836,Coffee,238680
CH8B56C6,LI7F1320,Cocoa,6000
CH9A79E9,LI7F40AC,Coffee,238989
CH98D25F,LI7FE7BA,Coffee,252000.00000000003
CH68DB49,LI8021CC,Coffee,180000
CHEE3CFA,LI811659,Coffee,510268.80000000005
CHA5D2AB,LI81A8DB,Coffee,92576
CH4586D9,LI821392,Coffee,1209420
CH534EAC,LI8234D4,Coffee,900000.0000000001
CHC1DD3A,LI8255E4,Coffee,1712699.9999999998
CH1D1587,LI828C17,Coffee,11289052
CH5DE2C6,LI82B98B,Coffee,480000
CH099B74,LI82DF92,Coffee,224000
CH90FED7,LI82F922,Coffee,1035810.0000000001
CH5E4F2C,LI836A23,Cocoa,200
CH5E4F2C,LI836A23,Coffee,835820
CHA80EB6,LI83B436,Coffee,467519.99999999994
CHFA12AF,LI83C731,Coffee,594000
CH14F311,LI84148F,Coffee,10490079
CH807E27,LI84398A,Coffee,414230.4
CH7CE01A,LI847F20,Coffee,2438304
CHA1C089,LI850B30,Coffee,917226.0000000001
CHD87DC7,LI856D44,Coffee,2673660
CH902BFF,LI85A0D2,Coffee,1468384
CH9F1194,LI85B9FA,Coffee,257132.80000000002
CHF5C28D,LI85C79E,Coffee,235056
CH8C9491,LI85DA34,Coffee,151380
CH2857C8,LI861A36,Coffee,418922.00000000006
CHD63507,LI86382B,Coffee,780403.2000000001
CHFE34BE,LI86589D,Coffee,360480
CH8F9097,LI8676B5,Coffee,2887144
CH1698DB,LI872816,Coffee,192000
CH98D789,LI87A067,Coffee,8449800
CHBC4720,LI87BECC,Coffee,330000
CHCD66DB,LI87C739,Coffee,305864
CH8ACCCC,LI888841,Coffee,213721
CHF4629C,LI888AF6,Coffee,1028348
CH26549F,LI88D055,Coffee,66000
CHECC13A,LI88D0F6,Coffee,1261326
CH82EA3B,LI88DA5A,Coffee,693240
CHE66579,LI88E3B3,Coffee,3619019.9999999995
CHAB2EA3,LI88F949,Coffee,305140.8
CH62D804,LI88FE60,Coffee,336420
CHBB3F81,LI8906C1,Coffee,2014126.4
CH7BAF14,LI8932FF,Coffee,1174704.8
CH421596,LI89B491,Coffee,538560
CHF50D16,LI89C608,Coffee,176246
CH8C00CE,LI89CEDA,Coffee,120000
CH92E315,LI89EBEB,Coffee,221914.40000000002
CHA563EE,LI8A687F,Coffee,138000
CH68BF76,LI8A736B,Coffee,624866.4
CHF2E4BB,LI8A767A,Coffee,1499868
CHEF231B,LI8A7C2D,Coffee,2688011.2
CHEFF84B,LI8ABC5D,Coffee,1782000
CH30F23E,LI8AE963,Coffee,278742
CH1B3B1A,LI8AF01B,Coffee,609697.6
CHEBF2A8,LI8B57C6,Coffee,9552222
CH744C6A,LI8B7CA8,Coffee,1206600
CH6EF2C8,LI8B8509,Coffee,4562616.8
CHD19B41,LI8B8FE0,Cocoa,600000
CH7FA031,LI8B9F76,Coffee,1123078.4
CH68C12E,LI8BA64E,Coffee,193599.00000000003
CH2765FE,LI8BBE51,Coffee,318200
CHC628A4,LI8BC3E5,Coffee,240677.99999999997
CHB22CCB,LI8C209A,Coffee,2826852
CH6112F1,LI8C2BBE,Coffee,263460
CH185051,LI8C48C4,Coffee,1600410.4000000001
CH26E0C5,LI8C5040,Coffee,1362000
CH099B74,LI8C6DC6,Coffee,224000
CH90FED7,LI8C71E1,Coffee,5244810
CHB7300B,LI8CE434,Coffee,516081.00000000006
CH0DDFBA,LI8D6749,Coffee,238009.6
CH327373,LI8D7D6E,Coffee,609613
CHB5F71E,LI8D820A,Coffee,648660
CH7AE626,LI8E0ECD,Coffee,949200
CHE112D0,LI8E5E2C,Coffee,1260156
CH534EAC,LI8E6C28,Coffee,450000.00000000006
CHC2F5E4,LI8EFD51,Coffee,745800
CH0DE6E9,LI8F4183,Coffee,461150
CH327373,LI8FBACF,Coffee,432058
CH92116F,LI902230,Coffee,9115631
CH68BF76,LI9068DE,Coffee,989023.2000000001
CH912B63,LI90A7BA,Coffee,468520
CH521335,LI90CDC1,Coffee,998366.9999999999
CHCA3A20,LI90EAA5,Coffee,419476
CH3332FC,LI910B9F,Coffee,208320
CH8B2306,LI912BA8,Coffee,125880
CH7EA214,LI9179E7,Coffee,314100
CH4610F6,LI91C8D3,Coffee,767260
CHB72D0E,LI9204EF,Coffee,260100
CH77C960,LI92134B,Coffee,751126
CH624E0A,LI9251BC,Coffee,960660
CHEFF84B,LI9284CA,Coffee,2100000
CHB31E26,LI929F6A,Coffee,522978.4
CHF2A3C5,LI929FE9,Coffee,6048924
CHBF3C95,LI9314B1,Coffee,360000
CHEF231B,LI933325,Coffee,1930969.6
CH39EC8D,LI937793,Coffee,720000
CHA5B2DB,LI93CB6B,Coffee,928537.6
CHEAB8E4,LI94ABAE,Coffee,402062.00000000006
CH5D675A,LI94BB7E,Coffee,146160
CHA25023,LI94E3F0,Coffee,450000.00000000006
CH88655B,LI94EE23,Coffee,150000
CH3E2E8D,LI956FBB,Coffee,1380000
CH9EE421,LI9593C8,Coffee,187200
CH1C7E69,LI95C9E0,Coffee,1422000
CHB4250B,LI95FFCB,Coffee,338761.6
CH26A3CB,LI9660F1,Coffee,240000
CH252474,LI966FCF,Coffee,109800
CH0690AC,LI96D6D1,Coffee,54000
CHBE5E1A,LI979F7D,Coffee,720867
CHBCDAF9,LI97B745,Coffee,2379383
CH5C3AA0,LI9815E5,Coffee,860116
CH5E1AD2,LI982F54,Coffee,2100000
CHAD3D9F,LI9846B9,Coffee,126351
CH09221F,LI985F6A,Coffee,3948231.2
CHB13231,LI9870B5,Coffee,770460
CHEE3CFA,LI987919,Coffee,648508.7999999999
CH385D61,LI98873F,Coffee,133422
CHF2A3C5,LI989B1B,Coffee,4406149.6
CH0B3193,LI98FE96,Coffee,344757.6
CH6AB9C5,LI99D669,Coffee,5019897
CHB4BBA4,LI9A15D2,Coffee,378180
CHB70505,LI9A4E45,Coffee,205500
CHCB9EB4,LI9A705A,Coffee,450008
CHEC7BBA,LI9AB4FB,Coffee,264814.39999999997
CHC19909,LI9ACC42,Coffee,666491.2000000001
CH479032,LI9ACEC8,Coffee,5448212
CH7914FF,LI9C0564,Coffee,155058.4
CHF4629C,LI9C1DC7,Coffee,1085556.8
CH1338B3,LI9C1FFA,Coffee,7785432
CHF67C0C,LI9C23CE,Coffee,1909170.4000000001
CH2CB984,LI9D1837,Coffee,1652784.9999999998
CH8387CF,LI9D3486,Tea,18163.86
CH582409,LI9D3D9F,Coffee,5799608
CHECD0B5,LI9D4D87,Coffee,246660
CHD14B34,LI9D538A,Coffee,73667.2
CHD20D3F,LI9D837D,Coffee,414875
CH10CE8D,LI9D8EEA,Coffee,270000
CH77983B,LI9DB196,Coffee,285408
CH7F9203,LI9DBF1D,Coffee,108000
CHBCDAF9,LI9DE04C,Coffee,916531.0000000001
CH1FEDFB,LI9E1F04,Coffee,358500
CHBEE55E,LI9E537C,Coffee,191991.2
CHCE0BD1,LI9E916A,Coffee,3398817
CH054FCE,LI9E9C78,Coffee,368046
CHDB5624,LI9ED59B,Coffee,725088
CH20275C,LI9F3746,Coffee,618660
CH9547A6,LI9F65E6,Coffee,933033.6
CHD20744,LI9FC313,Coffee,3304874
CHECD0B5,LI9FE2FC,Coffee,633248
CH3332FC,LI9FEFEE,Coffee,120000
CH783EFE,LIA03E8E,Coffee,309100
CH1AC852,LIA08663,Coffee,240069
CH33612D,LIA0AAAF,Coffee,400602.39999999997
CH3E2C08,LIA1250C,Coffee,1056270.4
CH5BCE1D,LIA18997,Coffee,12464044
CH9DA580,LIA19098,Coffee,9150367
CH2622D3,LIA1B22C,Coffee,469819
CHBFE0C2,LIA1CC62,Coffee,1934311
CH709B64,LIA236A1,Coffee,1304421.6
CH30700A,LIA2511D,Coffee,876780
CH8956DB,LIA2ABF8,Coffee,84000
CH85580B,LIA2C093,Coffee,112500.00000000001
CH4BFC9A,LIA2D8D5,Cocoa,740115
CH9DF0C8,LIA31610,Coffee,726480
CHEC05E8,LIA3742E,Coffee,590115.2
CH65C56B,LIA3A71C,Coffee,11700125
CH385D61,LIA3D94A,Coffee,54000
CHF04403,LIA3E7E3,Coffee,2700000
CH5E4F2C,LIA3E8AB,Cocoa,200
CH5E4F2C,LIA3E8AB,Coffee,719440
CHB2C2DB,LIA41690,Coffee,111000
CH3D79B5,LIA41E79,Coffee,300000
CH97931B,LIA444B3,Coffee,287600
CHF5A178,LIA448B2,Coffee,319000
CH8C133D,LIA45B00,Coffee,318399.2
CH1C7FB3,LIA47F6B,Coffee,248117.59999999998
CHE3F0B6,LIA4BF05,Coffee,1364661
CH063180,LIA4C90F,Coffee,4070999.9999999995
CHAD27E6,LIA5D332,Coffee,269055.2
CH9DA580,LIA5FAFB,Coffee,7207554
CH5FEAD7,LIA610CC,Coffee,1872684.7999999998
CH5FB20B,LIA62303,Coffee,90000
CHC30E62,LIA6391A,Coffee,456684
CH4B1629,LIA671C5,Coffee,1200000
CHA1BC36,LIA6BE63,Coffee,2949056
CHBC4720,LIA71167,Coffee,574332
CH0F191B,LIA75EFF,Coffee,1944840.0000000002
CHB6B467,LIA7886E,Coffee,2945995.2
CH61F7C7,LIA81BAC,Coffee,1106806.4
CHCE0BD1,LIA848BE,Coffee,2030296
CH10B43C,LIA8C711,Coffee,444000
CH9DD8BB,LIA8D1B1,Coffee,276920
CHCE623E,LIA917A9,Coffee,341550
CHC1372F,LIA993C9,Coffee,926123.0000000001
CH753EB8,LIA9AA94,Coffee,166800
CH59BE36,LIAA1BD5,Coffee,1318834.4
CH5BF718,LIAAFD4A,Coffee,671446.3999999999
CH424FD6,LIAB15B9,Coffee,1105128
CH709B64,LIAB364D,Coffee,3037944
CH250291,LIAB427C,Coffee,243460
CHF1A2D9,LIAB9AF2,Coffee,780000
CHBE5E1A,LIAC7CD1,Coffee,1080000
CH498D4B,LIACEE2D,Coffee,2693580
CHF2E4BB,LIAD4B05,Coffee,1455099
CH314130,LIAD4FA0,Coffee,379592
CHCE623E,LIAD6348,Coffee,279680
CHBF7DC5,LIAD87EE,Coffee,801532
CHE62F5F,LIADC029,Coffee,9363464
CH25C918,LIADFE77,Coffee,222000
CH8AE894,LIAE2AB5,Coffee,1413516.8
CHEC3CF6,LIAE6737,Coffee,1302000
CHD1ECA9,LIAE8755,Coffee,242700
CH004BB5,LIAEA700,Coffee,993900.0000000001
CH8C00CE,LIAEC622,Coffee,150000
CHC561AD,LIAECBB0,Coffee,5925764.8
CH0D50F4,LIAEDB45,Coffee,75000
CH250291,LIAF3194,Coffee,421215.19999999995
CH749049,LIAF4414,Coffee,948900
CH5FB20B,LIAF4C37,Coffee,210000
CH1F147B,LIAF9F1C,Coffee,289624
CH72433D,LIAFAC33,Coffee,1620000
CH85580B,LIAFDD43,Coffee,170000
CH369DB4,LIAFE9FF,Cocoa,108238
CH210A43,LIB02E07,Coffee,644341.6
CH8387CF,LIB03079,Tea,16421.68
CH4B9D52,LIB06917,Coffee,46076213
CH30CA0F,LIB08B97,Coffee,1267285.6
CH0F191B,LIB0D503,Coffee,2983414
CHA1E28C,LIB0D608,Coffee,11213247
CH2996AE,LIB0D899,Coffee,7442277.6
CHA1E28C,LIB12EA9,Coffee,5821800
CHAE4076,LIB16A82,Coffee,30000
CHDBE555,LIB18D9B,Coffee,372039.2
CH8EE2EC,LIB1916E,Coffee,510000.00000000006
CH8C09CE,LIB202A0,Coffee,130944
CH340957,LIB20396,Coffee,3234880
CHDB5624,LIB259EF,Coffee,720855.2
CHAF14FA,LIB27C74,Coffee,44800
CH7CE01A,LIB29893,Coffee,4358225
CH6AF941,LIB2B79A,Coffee,310000
CHCCCD12,LIB2C755,Coffee,2100000
CH9DD8BB,LIB31427,Coffee,312349.60000000003
CHC22FD1,LIB31D7E,Coffee,3304874
CH0AF787,LIB349CC,Coffee,110000
CHF9226C,LIB3548F,Coffee,1143100
CHDAE225,LIB38119,Coffee,1422232
CH740DC3,LIB3B59E,Coffee,239700
CHEABC86,LIB42693,Coffee,133680
CH0AF787,LIB46382,Coffee,110000
CH85E8FE,LIB4919D,Coffee,512864
CH90A01C,LIB4B500,Coffee,222240.00000000003
CH2996AE,LIB4E466,Coffee,6424545.600000001
CH17C2F1,LIB4E898,Coffee,38282
CH0ADE44,LIB4ED1F,Coffee,270060
CHBF24AF,LIB5092D,Coffee,270000
CHE79A65,LIB5600E,Coffee,2780258
CHE22D7B,LIB593A7,Cocoa,16840
CH260BC0,LIB5EBB9,Coffee,599939
CH6A1648,LIB61167,Coffee,889170.4
CH616D09,LIB65A1C,Coffee,325020
CH616D09,LIB6975F,Coffee,470296.00000000006
CH68C12E,LIB7099A,Coffee,282000
CHEBB838,LIB73207,Coffee,928800
CH26A3CB,LIB7701A,Coffee,396923.99999999994
CH50ECDF,LIB7919A,Coffee,480000
CH7B8362,LIB81CDA,Coffee,12218540
CH2765FE,LIB8530A,Coffee,322963.2
CH648417,LIB8663E,Coffee,6508063
CH9AB188,LIB8A53D,Cocoa,142238
CHF81250,LIB8B20F,Coffee,5640000
CHDF9619,LIB8D42A,Coffee,2653593
CH26549F,LIB9030F,Coffee,9180
CHA30EC6,LIB911A9,Coffee,3748099.1999999997
CH9BF225,LIB92225,Cocoa,270000
CHB9FEE5,LIB94157,Coffee,3234724.0000000005
CH10B43C,LIB9A7DC,Coffee,617892
CH966CD3,LIB9E352,Coffee,1697624.9999999998
CH1B4DBE,LIBA67AB,Coffee,68340
CH5BF718,LIBA7B23,Coffee,823877.6000000001
CHF9226C,LIBA83FC,Coffee,1044890
CHDBC454,LIBB442D,Coffee,620184.7999999999
CHCC558A,LIBB84D8,Coffee,2014370.4
CHEEC48D,LIBB8C10,Coffee,435600.00000000006
CH2CEB38,LIBBB460,Coffee,330000
CH6AF918,LIBBE1E0,Coffee,2415363
CH67FFC8,LIBBEB8E,Coffee,260880
CH260BC0,LIBC0BD0,Coffee,720000
CH1BEA31,LIBC7090,Coffee,4795532
CHBFE0C2,LIBCA1F2,Coffee,1171500
CH5D675A,LIBCAC9F,Coffee,99000.00000000001
CHEC3CF6,LIBCCEA3,Coffee,299100
CHA1C089,LIBCD2D5,Coffee,2100000
CH1C7FB3,LIBCDD66,Coffee,186950
CH26E0C5,LIBD339F,Coffee,1022582
CH9A79E9,LIBDC4F4,Coffee,344000
CHCA388D,LIBDCBCD,Coffee,356268.8
CH530850,LIBE839B,Coffee,780000
CH11CAE3,LIBE96EE,Coffee,2661480
CHB36407,LIBE9AD6,Coffee,2370587.1999999997
CHFC3A19,LIBEC999,Coffee,1111055
CHD7489A,LIC009BC,Coffee,1019644.7999999999
CHB73144,LIC0AFE4,Coffee,1600037.6
CH5731D2,LIC0C51B,Coffee,86340
CH815D0D,LIC0CB55,Coffee,1
CHD16F77,LIC0CDB5,Coffee,1166509.6
CH4CDD69,LIC13381,Coffee,3509143
CHF43B8B,LIC181FB,Coffee,3829435.1999999997
CH5F11C7,LIC18566,Coffee,1830839.9999999998
CH3A68C1,LIC18ADA,Coffee,1018799.9999999999
CHB357B9,LIC21CEC,Coffee,6014343
CHF4B075,LIC24246,Coffee,3905238
CHB15DA6,LIC2E2FD,Coffee,1319571.2
CHB1E8F0,LIC2FEA6,Coffee,360000
CH6EF2C8,LIC35C98,Coffee,2526660
CH606C95,LIC38F32,Coffee,1892675.2
CHAF1DCA,LIC3B615,Coffee,5024624
CH5FD585,LIC3BDFE,Coffee,3250693.5999999996
CH0DDFBA,LIC415B0,Coffee,218400
CHCDF2C0,LIC49298,Coffee,430592.00000000006
CHF5C28D,LIC4AB77,Coffee,389991.00000000006
CH1067EF,LIC4CBBF,Coffee,918157.6
CH78E2C1,LIC4E6A3,Coffee,4956820
CH10425B,LIC53378,Coffee,239100
CH479032,LIC580B2,Coffee,5847246.399999999
CH463D48,LIC58E2C,Coffee,955524
CHBA954B,LIC5ADDB,Coffee,522684.00000000006
CH9613FD,LIC5AE99,Coffee,222000
CH1BFF94,LIC5C15A,Coffee,384000
CH01E328,LIC600F2,Coffee,1910880
CHFCA0F4,LIC61546,Coffee,180000
CHA30EC6,LIC61CAB,Coffee,2993028.8
CH5A17B9,LIC703C8,Coffee,3094958.4000000004
CHDBF7DB,LIC738E5,Coffee,360000
CH50ECDF,LIC7E8FE,Coffee,165000
CH4451D5,LIC873AB,Coffee,1086118
CH329A8E,LIC88615,Coffee,437608
CH85B1B2,LIC97E14,Coffee,581036
CH67FFC8,LIC99CAB,Coffee,361260
CH95BECA,LIC9B3FA,Coffee,228000.00000000003
CH72433D,LIC9BA2C,Coffee,2019000
CH8A439E,LIC9C32E,Coffee,263460
CH75ABE7,LIC9E22D,Coffee,1264255.2
CH68541E,LIC9E3ED,Coffee,188752.80000000002
CH6BF8F7,LICA952A,Coffee,135896
CH448A5D,LICB2A69,Coffee,4119600
CH59BE36,LICB374F,Coffee,1346996
CHECC13A,LICB9C7D,Coffee,2058000
CH71F3C5,LICC498C,Coffee,5281980
CH792055,LICC603A,Coffee,201306.4
CHE112D0,LICC8536,Coffee,1309528
CH23883F,LICCAB1B,Coffee,157500
CH99E8FF,LICCE9F0,Coffee,279000
CH30700A,LICCF84D,Coffee,744560
CH036B97,LICD023A,Coffee,526416
CH635F9B,LICD355E,Coffee,1462643.2
CHB2C2DB,LICD4E8D,Coffee,169500
CH85E8FE,LICD5F5D,Coffee,1145450
CHFD8D8E,LICD7F1F,Coffee,1395624
CH80F524,LICD83AC,Coffee,2250548
CH9A3274,LICDB076,Coffee,330390
CH4616ED,LICE43B8,Coffee,1020000.0000000001
CHAE1A63,LICE60E3,Coffee,1165440
CH52FCE2,LICE6267,Coffee,652080
CH0F2A3F,LICEAAA4,Coffee,194445
CH70D248,LICEAD3F,Coffee,300000
CH9EAB22,LICEC4D4,Coffee,664211
CHE95676,LICEC773,Coffee,74052
CHB3FE0D,LICF57D3,Coffee,87733
CH535957,LICF5C5D,Coffee,917700
CHB22CCB,LICF7621,Coffee,1001279.2
CHD52378,LICFA46A,Coffee,229100
CH3B2391,LICFA674,Coffee,2418336
CHA80F84,LICFBA7D,Coffee,19519024
CH749049,LID02001,Coffee,759120
CHFEEB46,LID09663,Coffee,110069
CHA60D4F,LID0E233,Coffee,7715754.000000001
CH6D24D3,LID10BFE,Coffee,192000
CHAC726B,LID11AF3,Coffee,979688
CH4D1F51,LID14B52,Coffee,3942319.1999999997
CHD7DABF,LID1B463,Coffee,3846383.9999999995
CH80F524,LID1DBE0,Coffee,926089.6000000001
CH7D566E,LID1DE21,Coffee,4208950
CHEB0C27,LID1F15B,Coffee,457158.00000000006
CHF96F06,LID1F3B0,Coffee,1980000
CH521335,LID26402,Coffee,780000
CH82EA3B,LID2EDD5,Coffee,900000.0000000001
CH60C2BE,LID33BF0,Coffee,1231800
CHF6690C,LID36AC9,Coffee,498992
CH21C665,LID38F74,Coffee,236760
CH1EF10D,LID3B5AC,Coffee,2280060
CH44DDC3,LID3D1C4,Coffee,197460
CHFB7B51,LID44387,Cocoa,20000
CH01E782,LID47535,Coffee,245520
CH03455E,LID4FD72,Coffee,1365000
CH1139A3,LID4FF89,Coffee,504183.2
CHBF24AF,LID52A5C,Coffee,798000
CHD8744D,LID569F5,Coffee,1079286
CH3D79B5,LID5A681,Coffee,300000
CH2CEB38,LID5B839,Coffee,724487
CHB357B9,LID5BF80,Coffee,6551391
CH37D0BF,LID625AB,Coffee,3341279.9999999995
CHF84FA9,LID6DD74,Coffee,203999.99999999997
CH430543,LID75029,Coffee,2036229.6
CH792055,LID77CBC,Coffee,126727.2
CH11C0EC,LID78217,Coffee,1788577.9999999998
CH424FD6,LID814F3,Coffee,306846
CH698EFE,LID85EC0,Coffee,535345.6
CH46B271,LID89453,Coffee,2408700
CH47DC50,LID89D63,Coffee,5979106
CH6A1648,LID91745,Coffee,1265802.4000000001
CH95CFB7,LID955D6,Coffee,186596
CHDA0C49,LID9809B,Coffee,42000
CHBAFD46,LID9E838,Coffee,588957
CH544086,LID9EFAD,Coffee,234670.00000000003
CH256400,LID9FD68,Coffee,1491546.4
CHB1E8F0,LIDA0C52,Coffee,236400
CH39EC8D,LIDA0E5F,Coffee,480000
CHFF2513,LIDABDCE,Coffee,374790
CH4D0207,LIDAFE3E,Coffee,2592000
CH966CD3,LIDB9936,Coffee,1416300
CH74D349,LIDBA930,Coffee,811560
CH807E27,LIDC2055,Coffee,885600.0000000001
CH4DA7AE,LIDC26DD,Coffee,216140
CH95C522,LIDC7DA7,Coffee,277320
CHDBE555,LIDC841A,Coffee,327407.19999999995
CH5DBB3E,LIDCF011,Coffee,450000.00000000006
CH912B63,LIDD0EF4,Coffee,481052.00000000006
CH33612D,LIDD1E17,Coffee,404850.4
CH76E0F0,LIDD25AF,Coffee,3916248
CH5E4F2C,LIDD3DBA,Cocoa,244
CH5E4F2C,LIDD3DBA,Coffee,745660
CH829627,LIDD8562,Coffee,393251.2
CH9AB188,LIDD8D9A,Cocoa,128631
CHCC558A,LIDD9EA8,Coffee,858864
CHB3F135,LIDDCBB3,Coffee,311332.8
CH0D50F4,LIDDD422,Coffee,75000
CHCFB9E9,LIDE2346,Coffee,211276.8
CH98A9B5,LIDE319E,Coffee,6523410
CH3D79B5,LIDEBD52,Coffee,651960
CHEC7BBA,LIDFBA5E,Coffee,262052.80000000002
CH11C0EC,LIE03EAC,Coffee,1893598
CHDAE225,LIE069B1,Coffee,1676270.4000000001
CHB59B4C,LIE0A46B,Coffee,8862623
CH7B989D,LIE0D1B5,Coffee,1080000
CHB7300B,LIE0EC27,Coffee,364090
CH8C09CE,LIE11BAF,Coffee,129264
CHF9E863,LIE11D1B,Coffee,2500000
CHB4250B,LIE1A9F5,Coffee,834880.8
CH8AE894,LIE1BB97,Coffee,2054918.8
CH45AB63,LIE1C812,Coffee,330000
CHF2E4BB,LIE1D223,Coffee,450000.00000000006
CHE112D0,LIE221FF,Coffee,675228
CHFA12AF,LIE22AEE,Coffee,420000
CH02B3FE,LIE24479,Coffee,391500
CH20FC8D,LIE25C4F,Coffee,1651471.2000000002
CHB664A9,LIE2D5F2,Coffee,4512905.6
CH77C960,LIE2FEBB,Coffee,1275496
CH7B33B7,LIE300F6,Coffee,904332
CH9289DC,LIE348F7,Coffee,5511176
CH9AC136,LIE39870,Coffee,553091
CH2B9E84,LIE3BB6F,Coffee,270000
CH3A68C1,LIE4650E,Coffee,1099458
CHD16F77,LIE4DD8D,Coffee,641212
CH858C74,LIE52417,Coffee,330000
CH1BFF94,LIE54C1B,Coffee,210000
CH788EFC,LIE5577B,Coffee,4269000
CH582409,LIE5858C,Coffee,13447016
CH8FC28B,LIE5A19B,Coffee,540940
CHAD27E6,LIE5E62A,Coffee,280613.6
CH6C6389,LIE6199F,Coffee,296394.4
CH5526E1,LIE62608,Coffee,1822260
CHB3FE0D,LIE64240,Coffee,87733
CH6AC368,LIE6508D,Coffee,150000
CH3AB5B1,LIE693B6,Coffee,163200
CHA05161,LIE69A47,Coffee,938520
CH4018D0,LIE6B9D1,Coffee,1071000
CHAFF436,LIE6DB70,Coffee,1240272
CH479032,LIE6F536,Coffee,5701224
CHBE6706,LIE70744,Coffee,869999.9999999999
CHA6C6C2,LIE70F65,Coffee,480480
CH407344,LIE71281,Coffee,858000.0000000001
CH3B2391,LIE71E37,Coffee,4862982
CH2236FA,LIE73D74,Coffee,702000
CH98D789,LIE7460A,Coffee,6060000
CH15893D,LIE748EF,Coffee,193253
CH624E0A,LIE78613,Coffee,937796
CH37D0BF,LIE7940A,Coffee,3314940
CH71CBCF,LIE84457,Coffee,2089532
CHEFF1B0,LIE84865,Coffee,1047252
CH224733,LIE84EAD,Coffee,844500.0000000001
CH2B9025,LIE8B0C0,Coffee,634095.2000000001
CHD4010B,LIE8DFA3,Coffee,66000
CHB4BBA4,LIE8E68F,Coffee,451620
CHB9FEE5,LIE8FB55,Coffee,3908032.8000000003
CH212CE0,LIE92707,Coffee,759858
CH210A43,LIE93DE0,Coffee,485501.60000000003
CH22C6A7,LIE9ADBE,Coffee,264768
CH3B701B,LIE9B11F,Coffee,783391.2000000001
CHBEE55E,LIE9D48C,Coffee,352076
CH343BBE,LIE9DF5F,Coffee,366000
CH9F1194,LIEA278A,Coffee,307630
CHF9226C,LIEA4D3E,Coffee,1002800.0000000001
CHA47A0B,LIEA560C,Coffee,3125210
CHCA388D,LIEA9461,Coffee,540031.2
CH80CB4A,LIEA97C0,Coffee,657600
CHF1B73B,LIEADAC1,Coffee,1093500
CHC67B69,LIEADAFD,Coffee,177335
CHF379F8,LIEAF974,Coffee,268740
CH90A01C,LIEB1857,Coffee,534000
CHFDDC04,LIEB30CC,Coffee,1485460.8
CHF41278,LIEB6AAB,Coffee,501599.00000000006
CHFFE9B1,LIEBD2AF,Coffee,120000
CHF9E863,LIEBF944,Coffee,2688001
CHE71B60,LIEC415F,Coffee,1096500
CH6FD19B,LIEC5C2B,Coffee,1238581.5999999999
CHFD4978,LIEC6C00,Coffee,576000
CHB4250B,LIEC7485,Coffee,947051.9999999999
CH17C2F1,LIECFB84,Coffee,21390
CH7FA031,LIED265D,Coffee,1104000
CH544086,LIED2BA7,Coffee,228822.00000000003
CHF30CB5,LIEDC728,Coffee,1320000
CHB9F58D,LIEDD77A,Coffee,783300
CH9547A6,LIEDFFAC,Coffee,1179269.5999999999
CH78E2C1,LIEE2208,Coffee,2268965
CH11741E,LIEE79B0,Coffee,180000
CH279A60,LIEF23EF,Coffee,302134.4
CH4AA100,LIEF5AF1,Coffee,1469193
CH5526E1,LIEFB71B,Coffee,827055.0000000001
CH78F219,LIF03DF7,Coffee,804901.6000000001
CH530850,LIF08603,Coffee,1098000
CH5CF83A,LIF0FF83,Coffee,9296235
CHADC2F6,LIF13A6C,Coffee,123000
CHDBF7DB,LIF2058A,Coffee,415920
CH2765FE,LIF20967,Coffee,411391
CH67BCB5,LIF261A5,Coffee,498000
CH92DDB8,LIF2E488,Coffee,7599185.600000001
CHD7489A,LIF2F8DA,Coffee,1603244
CH4B1629,LIF320C3,Coffee,1200000
CHBBAD7C,LIF32989,Coffee,1441690.4
CH99E483,LIF33752,Coffee,331380
CH4610F6,LIF3641A,Coffee,316425
CH4AF7C4,LIF3D99B,Cocoa,183390
CH4A80D1,LIF41062,Coffee,499532.8
CHF04403,LIF47155,Coffee,3339420
CH9DD8BB,LIF498B7,Coffee,336536
CHF5BC51,LIF4EBE1,Coffee,173872
CH4B9D52,LIF51153,Coffee,49039389
CHD63507,LIF54BDD,Coffee,633926.4
CH9C0362,LIF57203,Coffee,329400
CH2622D3,LIF58DA9,Coffee,192240
CH8CDA4F,LIF5A0D4,Coffee,2040000.0000000002
CHFB1D15,LIF5B24F,Coffee,100565.59999999999
CH30F23E,LIF6000E,Coffee,164616
CH273537,LIF61CF1,Coffee,75328
CHE4239D,LIF681E9,Coffee,1064394
CH60134D,LIF6A533,Coffee,5939400
CHAC3E56,LIF6DFF6,Coffee,900000.0000000001
CHFA4BAE,LIF789F7,Coffee,6919200
CHFA9093,LIF7B7D3,Coffee,5410290
CH8ACCCC,LIF7D8C8,Coffee,184086
CH9DB9CB,LIF7F656,Coffee,54210
CHCFB9E9,LIF7FCFE,Coffee,211276.8
CHFC3A19,LIF845C3,Coffee,1111549
CHA7F8A0,LIF8AF4F,Coffee,720000
CH7E9FB0,LIF8BD32,Coffee,79620
CH5FD98A,LIF8DBC6,Coffee,453600
CHCDF2C0,LIF8F425,Coffee,859781.9999999999
CH9DA580,LIF8F79B,Coffee,8210827.000000001
CHAB387D,LIF9A6D3,Coffee,3074160
CH8E9CFC,LIF9B5F2,Coffee,1833600
CH47DC50,LIFA3B39,Coffee,8169750.4
CHB73144,LIFA5B88,Coffee,3321004.8
CH5E90B7,LIFA76FF,Coffee,1091990
CH7F6D69,LIFAE444,Coffee,198000.00000000003
CH3EAB64,LIFB4662,Coffee,439028.99999999994
CH43676B,LIFB4B23,Coffee,251859.19999999998
CH7623EE,LIFB7D49,Coffee,119460
CH74E25A,LIFB8040,Coffee,6648886.4
CHA80EB6,LIFB9609,Coffee,1111181
CH2E1DBE,LIFBCAF1,Coffee,145703
CH217460,LIFBFD34,Coffee,1131721.6
CHBA6BF6,LIFC31F7,Coffee,36363
CHE45E27,LIFC3AC4,Coffee,1410501
CH102C24,LIFC459C,Coffee,143100
CH9C7882,LIFC4AE0,Coffee,3487000.8
CH65C56B,LIFC773D,Coffee,24745260
CH9CD13F,LIFCE01C,Coffee,5035024
CH74E25A,LIFD07D6,Coffee,6648878
CHE3A4B8,LIFD5D26,Coffee,600000
CH88655B,LIFD724F,Coffee,165000
CHC4ED7A,LIFDD532,Coffee,1733160.0000000002
CH5DE2C6,LIFDE679,Coffee,510000.00000000006
CH3EBFC7,LIFE2682,Coffee,1200000
CHAF1DCA,LIFE4F6F,Coffee,551557
CH86939B,LIFE6BC7,Coffee,1374079.2
CH23BF4D,LIFE78F6,Coffee,1126458.4
CH27E883,LIFE7F42,Cocoa,237989
CHC0296D,LIFE896C,Coffee,915053.9999999999
CH5CF83A,LIFE8E06,Coffee,9926252.8
CH7914FF,LIFED428,Coffee,152740
CH061900,LIFEDC89,Coffee,5994168.8
CH1A7C08,LIFEFD47,Coffee,2077110
CH74E25A,LIFF2481,Coffee,6645990
CHD87DC7,LIFF535D,Coffee,1867540
CHEADB4A,LIFF6B34,Coffee,1710000
CH0F191B,LIFF95F3,Coffee,1875654
CHB4A76B,LIFFA70C,Coffee,948900
CHC786D7,LIFFAFA9,Coffee,3802732.0000000005
